id_actor,first_name,last_name,gender,age,nationality
e1,Patty,Hannigan,Female,69,Sweden
e2,Katheryn,Golborne,Female,26,China
e3,Tillie,Apedaile,Female,19,Venezuela
e4,Mellie,Purviss,Female,46,Russia
e5,Melanie,Secrett,Female,33,United States
e6,Renell,Millott,Female,24,Sweden
e7,Lavinie,Harmson,Female,24,Indonesia
e8,Ainsley,Larkins,Female,49,Mozambique
e9,Lucretia,Belward,Female,50,Russia
e10,Nicoli,Bransden,Female,49,Indonesia
e11,Ermengarde,Morteo,Female,63,Colombia
e12,Juliette,Ivery,Female,44,Malaysia
e13,Catina,Suston,Female,47,Argentina
e14,Carlee,Pendock,Female,41,Colombia
e15,Aida,Willavoys,Female,65,Brazil
e16,Florette,Varian,Female,45,Poland
e17,Eunice,Arpin,Female,58,Philippines
e18,Wynne,Siveter,Female,42,Russia
e19,Tova,Simonsen,Female,44,United Kingdom
e20,Kira,Hauch,Female,42,Kazakhstan
e21,Carilyn,Meaton,Female,62,Sweden
e22,Sabrina,Babar,Female,28,Thailand
e23,Felicle,McCooke,Female,43,China
e24,Alice,Mulholland,Female,36,Somalia
e25,Elenore,Meaddowcroft,Female,70,China
e26,Elene,Beckworth,Female,36,Thailand
e27,Jacqui,Rizzardini,Female,26,Sweden
e28,Doralia,Kinane,Female,68,Ivory Coast
e29,Wini,Bapty,Female,24,Indonesia
e30,Addie,Lecointe,Female,34,Peru
e31,Winny,Bickley,Female,60,China
e32,Mitzi,Whymark,Female,68,Philippines
e33,Bridie,Ilyunin,Female,53,China
e34,Benetta,Style,Female,61,China
e35,Maxie,Atton,Female,47,Malaysia
e36,Gillan,Josiah,Female,69,Japan
e37,Tyne,Bullier,Female,55,Israel
e38,Linea,Zamora,Female,29,Brazil
e39,Shoshana,Cantrell,Female,68,Ukraine
e40,Ree,Codron,Female,22,Czech Republic
e41,Kaycee,Mancer,Female,20,Indonesia
e42,Carry,Minget,Female,67,United States
e43,Amalle,Bravey,Female,30,China
e44,Kippie,Growy,Female,49,Portugal
e45,Saudra,Meletti,Female,67,Greece
e46,Ailsun,Streather,Female,53,China
e47,Brigitte,Strete,Female,36,China
e48,Carena,Corah,Female,33,Greece
e49,Koralle,Phethean,Female,51,United Arab Emirates
e50,Gladi,Meeking,Female,55,China
e51,Cecily,Botten,Female,38,Philippines
e52,Josephina,Balasin,Female,54,United States
e53,Darda,Navan,Female,23,Russia
e54,Jen,Dumelow,Female,42,Malaysia
e55,Nolie,Gorton,Female,20,Argentina
e56,Catherine,Carding,Female,59,France
e57,Valene,Deere,Female,41,Philippines
e58,Camel,Hughes,Female,35,Brazil
e59,Jillana,Ollerhad,Female,51,Indonesia
e60,Bunni,Axston,Female,35,United States
e61,Rivi,Conaboy,Female,27,Philippines
e62,Margaux,Prinne,Female,51,United States
e63,Kirstyn,Corkhill,Female,68,Sweden
e64,Sheilakathryn,Juares,Female,21,Syria
e65,Bryana,Rattenbury,Female,41,Czech Republic
e66,Kylie,Hirschmann,Female,61,China
e67,Doloritas,Cancellor,Female,31,Sweden
e68,Nicol,Albury,Female,68,Indonesia
e69,Kinna,Mille,Female,24,Colombia
e70,Biddie,Jacob,Female,60,China
e71,Ellen,Stephenson,Female,22,Indonesia
e72,Noni,Lamputt,Female,32,Latvia
e73,Karin,Gillebert,Female,32,Ukraine
e74,Rosanna,Emmison,Female,66,El Salvador
e75,Cinnamon,Merkle,Female,47,Russia
e76,Engracia,Kindread,Female,42,Czech Republic
e77,Crystie,Norwood,Female,52,Philippines
e78,Norrie,Keys,Female,38,China
e79,Billye,Franzewitch,Female,68,Madagascar
e80,Tiffany,Prendergrass,Female,26,China
e81,Moyra,Harkus,Female,26,Philippines
e82,Anetta,Gutman,Female,36,Paraguay
e83,Glenna,De Carolis,Female,54,Yemen
e84,Rochell,Earley,Female,52,Sweden
e85,Hollyanne,Bute,Female,60,Russia
e86,Karrah,Curm,Female,45,Indonesia
e87,Arlen,Latour,Female,42,Greece
e88,Dorene,Vasyushkhin,Female,44,Japan
e89,Camilla,Castro,Female,59,Philippines
e90,Cairistiona,Gait,Female,50,China
e91,Claudelle,Robberecht,Female,51,China
e92,Desiree,Matthesius,Female,64,Portugal
e93,Samantha,Girth,Female,27,Colombia
e94,Kimberli,Denziloe,Female,54,China
e95,Adina,Shewan,Female,49,Poland
e96,Ingunna,Duckels,Female,22,China
e97,Saba,Witling,Female,24,Estonia
e98,Marie,Sculpher,Female,69,Indonesia
e99,Cassandra,Hauxley,Female,69,Brazil
e100,Auguste,Jorio,Female,61,Sweden
e101,Liesa,Hordell,Female,49,France
e102,Jordan,Castellucci,Female,45,Russia
e103,Lorrin,Breede,Female,45,Philippines
e104,Cati,Fisbburne,Female,19,Ukraine
e105,Correy,Portch,Female,34,United States
e106,Shane,Denness,Female,31,China
e107,Betteann,Edgett,Female,69,Bangladesh
e108,Lyn,Bridges,Female,35,China
e109,Wanda,Peer,Female,25,Panama
e110,Emmalynne,Kaiser,Female,68,Benin
e111,Marta,Geistbeck,Female,50,China
e112,Halimeda,Ledekker,Female,25,Indonesia
e113,Rebe,Crisell,Female,53,Ivory Coast
e114,Sharon,Kirley,Female,64,Finland
e115,Gerhardine,Pawellek,Female,58,Ethiopia
e116,Daveta,Keeting,Female,55,Indonesia
e117,Amandie,Le Sieur,Female,35,Tunisia
e118,Shae,Macenzy,Female,37,Serbia
e119,Carlyn,Bold,Female,51,China
e120,Rhoda,Clapson,Female,20,Japan
e121,Emelia,Wilfling,Female,49,China
e122,Mathilda,Raunds,Female,51,Niger
e123,Felicle,Primarolo,Female,40,Greece
e124,Claudina,Stormouth,Female,25,Indonesia
e125,Janina,Nashe,Female,43,China
e126,Allis,Lodin,Female,34,Russia
e127,Mia,Nasi,Female,53,China
e128,Jacki,Joblin,Female,59,Slovenia
e129,Valaree,Chatres,Female,36,Portugal
e130,Noelyn,Cicculi,Female,43,Canada
e131,Cornela,Cuppleditch,Female,62,China
e132,Tanhya,Foulser,Female,52,Indonesia
e133,Jobi,McKinnon,Female,25,Venezuela
e134,Mab,Colebrook,Female,34,China
e135,Emmalynne,Cheesley,Female,66,Russia
e136,Lucia,Nyssen,Female,65,China
e137,Wally,Moatt,Female,56,Czech Republic
e138,Lanae,Otto,Female,68,Indonesia
e139,Kylila,Hollerin,Female,54,Zambia
e140,Jocelyn,Camois,Female,31,Russia
e141,Mariellen,Humphrys,Female,46,Colombia
e142,Peta,Litchfield,Female,20,China
e143,Fayth,Hughs,Female,68,China
e144,Madella,Hunston,Female,50,South Africa
e145,Dominica,Justice,Female,65,Russia
e146,Jeannie,Opdenorth,Female,37,Argentina
e147,Leonie,Reeves,Female,55,Peru
e148,Rubia,Waumsley,Female,41,Poland
e149,Maurene,McCritchie,Female,40,Nigeria
e150,Nerty,Jelfs,Female,35,China
e151,Barbe,Delahunt,Female,61,Finland
e152,Kerry,Downer,Female,48,China
e153,Sarette,Farquar,Female,19,Canada
e154,Gusti,Roblou,Female,38,Grenada
e155,Emmalynne,Theobalds,Female,37,China
e156,Eugenie,Trulock,Female,23,Indonesia
e157,Lillis,Glendinning,Female,59,Burkina Faso
e158,Genovera,Roslen,Female,43,China
e159,Judie,Sibbit,Female,55,Canada
e160,Patti,Preddle,Female,47,Myanmar
e161,Davina,Cartmail,Female,63,China
e162,Claudelle,Fiddian,Female,50,Indonesia
e163,Claudina,Spens,Female,20,China
e164,Edy,Hitzmann,Female,31,Sweden
e165,Rhodie,Figura,Female,67,China
e166,Krissy,Rioch,Female,65,China
e167,Shina,Surguine,Female,54,Russia
e168,Shawnee,Sandilands,Female,32,Albania
e169,Charmion,Blazey,Female,19,Greece
e170,Patrizia,Insall,Female,29,Indonesia
e171,Ariella,Leacy,Female,67,Indonesia
e172,Estell,Dyble,Female,53,Philippines
e173,Cate,Truckett,Female,36,Indonesia
e174,Salaidh,Burnside,Female,38,Russia
e175,Rubetta,Glanester,Female,32,France
e176,Donia,Rawcliff,Female,42,China
e177,Tracie,Arni,Female,21,Iran
e178,Jerrie,Huett,Female,42,Panama
e179,Perla,Moline,Female,70,Russia
e180,Tisha,Hathway,Female,32,Russia
e181,Lanny,Bounde,Female,18,Indonesia
e182,Tamar,Lincoln,Female,30,Netherlands
e183,Annnora,Ferrara,Female,43,Brazil
e184,Jori,Shelp,Female,49,China
e185,Cinderella,Alenikov,Female,68,Tajikistan
e186,Bab,Cracie,Female,48,Brazil
e187,Micheline,Ribchester,Female,23,China
e188,Roseline,Ellinor,Female,25,China
e189,Patrice,Wendover,Female,32,Philippines
e190,Mae,Thornthwaite,Female,28,Croatia
e191,Pooh,Turtle,Female,38,Czech Republic
e192,Gabriela,Vickar,Female,33,China
e193,Anabelle,Salla,Female,25,Mongolia
e194,Cecilia,Beckerleg,Female,49,Tajikistan
e195,Janaye,Banton,Female,20,China
e196,Torey,Heys,Female,37,Kenya
e197,Ellene,Ganning,Female,27,China
e198,Wally,Sexton,Female,66,Turkmenistan
e199,Lydie,Willison,Female,62,Greece
e200,Juliann,Hampshaw,Female,27,China
e201,Krissy,Beldom,Female,56,Indonesia
e202,Willabella,Karpets,Female,41,Lithuania
e203,Franky,Mee,Female,53,China
e204,Dee dee,Freen,Female,54,Indonesia
e205,Shirl,Legon,Female,62,Philippines
e206,Natasha,Bracegirdle,Female,25,Colombia
e207,Roz,Rudwell,Female,43,Afghanistan
e208,Issi,Woolhouse,Female,24,Indonesia
e209,Hinda,Ewing,Female,22,Armenia
e210,Isadora,Ogilvy,Female,59,Colombia
e211,Leila,Stihl,Female,31,Portugal
e212,Viviana,Abdon,Female,29,Poland
e213,Elana,Belz,Female,29,Peru
e214,Nana,Jeenes,Female,51,Namibia
e215,Kaylee,Goundry,Female,53,China
e216,Leigh,Busse,Female,62,Czech Republic
e217,Binnie,Idney,Female,22,Brazil
e218,Riki,Bouch,Female,61,Greece
e219,Karla,Larmet,Female,30,Kazakhstan
e220,Minerva,Cawsey,Female,51,Japan
e221,Christiana,Tye,Female,66,Madagascar
e222,Allsun,Huguet,Female,28,China
e223,Charmion,Archibold,Female,32,Indonesia
e224,Constancy,Camsey,Female,69,Russia
e225,Engracia,Hinrichs,Female,18,Macedonia
e226,Jamie,Willard,Female,69,Portugal
e227,Coleen,Stranieri,Female,28,China
e228,Adeline,Phillis,Female,31,Brazil
e229,Paulette,Moreno,Female,34,Greece
e230,Halimeda,Giocannoni,Female,24,Philippines
e231,Jacquelyn,Cawsey,Female,53,Indonesia
e232,Emmalynn,Chandlar,Female,57,China
e233,Alisha,Luxmoore,Female,52,China
e234,Annie,MacKibbon,Female,58,Indonesia
e235,Rina,Tippings,Female,37,Sweden
e236,Susanna,Siemandl,Female,44,South Africa
e237,Janie,Sullens,Female,21,Indonesia
e238,Lurline,Creggan,Female,66,Thailand
e239,Constancy,Tschirasche,Female,48,Thailand
e240,Noemi,Eakens,Female,20,Ukraine
e241,Brigit,Goodbar,Female,52,Haiti
e242,Dorree,Maudson,Female,53,Indonesia
e243,Blondy,Dawtrey,Female,64,United States
e244,Marybelle,Heibl,Female,70,Russia
e245,Stormi,Lilburn,Female,60,Canada
e246,Daryl,Fourmy,Male,66,Trinidad_and_Tobago
e247,Westbrook,Crighton,Male,38,China
e248,Ephrem,Moorwood,Male,46,French_Guiana
e249,Chet,Linskey,Male,41,China
e250,Stanleigh,Tourry,Male,46,Russia
e251,Fabio,Goodship,Male,70,Brazil
e252,Elden,Pugsley,Male,62,Ireland
e253,Terence,Blezard,Male,18,China
e254,Rab,Baldcock,Male,24,China
e255,Hewet,Kinkead,Male,40,Philippines
e256,Augustine,Fishley,Male,44,Indonesia
e257,Hadrian,Tointon,Male,47,China
e258,Thornie,Trematick,Male,48,China
e259,Wolf,Dumbrell,Male,29,China
e260,Jeffie,Blackham,Male,20,China
e261,Web,Winchurch,Male,68,China
e262,Chaim,Catford,Male,28,Peru
e263,Wade,Beekmann,Male,56,Indonesia
e264,Cointon,Gohier,Male,44,Comoros
e265,Vick,Kieran,Male,60,Mexico
e266,Monte,Moyne,Male,45,Greece
e267,Ilaire,Miliffe,Male,22,Jamaica
e268,Alwyn,Flaverty,Male,21,Poland
e269,Broderic,Kerrod,Male,25,Colombia
e270,Damon,Winslow,Male,59,Dominican_Republic
e271,Vernon,Jentet,Male,64,China
e272,Lee,Wallen,Male,59,Libya
e273,Orland,Hurlestone,Male,69,Marshall_Islands
e274,Brig,Oats,Male,31,Nicaragua
e275,Fernando,Wynes,Male,45,Armenia
e276,Stanislas,Lindwasser,Male,56,Bolivia
e277,Sayres,Labat,Male,41,China
e278,Winnie,Littrik,Male,56,Japan
e279,Hal,Aldren,Male,27,Czech_Republic
e280,Garwin,Caville,Male,53,China
e281,Etan,Milner,Male,61,Poland
e282,Emelen,Chatters,Male,31,Canada
e283,Erasmus,Redwin,Male,32,Argentina
e284,Yank,Dalgarnocht,Male,53,China
e285,Gael,Simonou,Male,51,Philippines
e286,Eben,Hubert,Male,38,Malaysia
e287,Wang,Gatherell,Male,28,Portugal
e288,Wain,Tomaszynski,Male,29,South_Africa
e289,Ced,Boath,Male,46,China
e290,Walton,Heenan,Male,42,China
e291,D'arcy,Van Ross,Male,30,Indonesia
e292,Christiano,Nasi,Male,39,Ivory_Coast
e293,Aldin,Brabham,Male,36,Bosnia_and_Herzegovina
e294,Arnold,Crawforth,Male,22,China
e295,Tanny,Klulisek,Male,31,Vietnam
e296,Dionisio,Yurlov,Male,69,Ukraine
e297,Stillman,Gellert,Male,64,Russia
e298,Gerald,Laguerre,Male,49,Sweden
e299,Maximilien,Clows,Male,65,Palestinian_Territory
e300,Rriocard,Gladhill,Male,27,Russia
e301,Angelo,Dubique,Male,50,Brazil
e302,Jabez,Killbey,Male,57,Russia
e303,Cyril,Harridge,Male,37,Philippines
e304,Derek,Olczyk,Male,66,China
e305,Arvy,Buchan,Male,53,Norway
e306,Teodorico,Geraudy,Male,41,Colombia
e307,Ashbey,Braker,Male,46,Japan
e308,Torrence,Henric,Male,62,Philippines
e309,Carolus,Hugland,Male,36,Thailand
e310,Lucian,Barnwille,Male,65,France
e311,Brantley,Feitosa,Male,69,Equatorial_Guinea
e312,Derry,Suggey,Male,63,Poland
e313,Jarid,McAlpine,Male,48,Indonesia
e314,Sollie,Merriott,Male,29,China
e315,Georgi,Pinyon,Male,54,Sweden
e316,Gray,Seiller,Male,60,China
e317,Abram,Sutton,Male,45,Greece
e318,Anatollo,Dudliston,Male,56,Philippines
e319,Urbain,Craggs,Male,31,France
e320,Angie,Adamowitz,Male,44,Portugal
e321,Carce,Consadine,Male,29,United_States
e322,Hoyt,Sexcey,Male,33,Indonesia
e323,Lance,Elie,Male,28,Honduras
e324,Guido,Berthelet,Male,37,Sweden
e325,Brit,Charlo,Male,62,Brazil
e326,Vinnie,Martyns,Male,18,Russia
e327,Harper,Oakes,Male,25,Indonesia
e328,Brennan,Wilcot,Male,21,Indonesia
e329,Hayden,Heeran,Male,19,China
e330,Hewet,Zorn,Male,62,Colombia
e331,Moise,Arlet,Male,70,Indonesia
e332,Antone,Yesson,Male,61,Poland
e333,Cy,Rate,Male,37,Ukraine
e334,Edgard,McCorley,Male,51,Belarus
e335,Llewellyn,Clutterbuck,Male,32,Mexico
e336,Alwyn,Brandle,Male,62,Venezuela
e337,Shurlocke,Tettley,Male,46,China
e338,Nobie,Simoes,Male,61,Indonesia
e339,Christoper,Challen,Male,19,Iraq
e340,Hartwell,Haughin,Male,70,China
e341,Hervey,Keays,Male,19,Bulgaria
e342,Jayme,Delph,Male,69,Russia
e343,Darn,Cowper,Male,34,Cyprus
e344,Jayson,Ovitz,Male,30,Albania
e345,Chandler,Linscott,Male,33,Kazakhstan
e346,Isaak,Mathen,Male,32,China
e347,Whitman,McLaughlan,Male,39,Argentina
e348,Dicky,Gregson,Male,44,Thailand
e349,Lonny,Brecher,Male,26,France
e350,Tabbie,McGrudder,Male,69,Czech_Republic
e351,Boonie,Causier,Male,67,Japan
e352,Rube,MacGiany,Male,34,Indonesia
e353,Alphonse,Stickel,Male,60,China
e354,Jard,Sapshed,Male,25,Indonesia
e355,Nappie,Flack,Male,68,China
e356,Herculie,Abramamovh,Male,57,Indonesia
e357,Amory,Beagley,Male,34,Thailand
e358,Aldwin,Woollett,Male,21,China
e359,Paul,Volonte,Male,52,Indonesia
e360,Raffaello,Cannavan,Male,52,Portugal
e361,Ransell,Beauly,Male,68,South_Korea
e362,Smith,Richmond,Male,50,Samoa
e363,Meier,Vernham,Male,68,Indonesia
e364,Bary,Cummine,Male,28,China
e365,Ronald,Dickens,Male,32,Czech_Republic
e366,Shurwood,McAlpin,Male,66,Japan
e367,Timotheus,Durnall,Male,30,Indonesia
e368,Yale,Carous,Male,18,Portugal
e369,Bil,Lockett,Male,30,Indonesia
e370,Dag,Trollope,Male,50,Indonesia
e371,Weider,Bloodworth,Male,31,Brazil
e372,Wyndham,Pybworth,Male,27,Malaysia
e373,Kendricks,Bawle,Male,56,Canada
e374,Denis,Wayper,Male,25,Albania
e375,Dave,Bedwell,Male,49,Russia
e376,Jedd,Woolforde,Male,21,China
e377,Lewie,Dahlback,Male,25,China
e378,Lennard,Rawood,Male,55,Indonesia
e379,Yorgo,Blacker,Male,43,United_States
e380,Roley,Polino,Male,49,Brazil
e381,Gannon,Heyns,Male,19,Greece
e382,Humfried,Kinnie,Male,29,France
e383,Alfred,Boobier,Male,46,China
e384,Nickolai,Leisman,Male,64,Botswana
e385,Stanley,Lung,Male,68,France
e386,Braden,Noorwood,Male,55,South_Africa
e387,Brady,McElhargy,Male,58,Portugal
e388,Kahaleel,Yule,Male,53,United_States
e389,Chance,Eales,Male,24,China
e390,Cecil,Surguine,Male,64,Israel
e391,Kelley,Hobben,Male,27,Poland
e392,Any,Paradise,Male,67,Philippines
e393,Kenon,Calder,Male,46,Greece
e394,Felipe,Holme,Male,69,Germany
e395,Keen,Macallam,Male,37,Syria
e396,Prince,Langthorn,Male,22,Nigeria
e397,Dill,Krook,Male,65,United_States
e398,Stinky,Filon,Male,57,Philippines
e399,Kareem,Royson,Male,49,New_Caledonia
e400,Osbourne,Piggens,Male,56,France
e401,Araldo,Dinning,Male,52,Japan
e402,Art,Killough,Male,37,Argentina
e403,Hendrick,Gimblett,Male,70,China
e404,Zane,Cahani,Male,47,Indonesia
e405,Denys,Lanfer,Male,42,China
e406,Clarke,Putman,Male,61,Indonesia
e407,Monti,Flaxon,Male,28,Russia
e408,Neils,Ivashkov,Male,57,Indonesia
e409,Gardy,Grinyer,Male,59,Vietnam
e410,Waylan,Schwandt,Male,35,Portugal
e411,Durward,Soanes,Male,60,Brazil
e412,Binky,Reany,Male,32,Colombia
e413,Lorens,Rodnight,Male,65,China
e414,Jefferson,Pastor,Male,41,Albania
e415,Kev,Reach,Male,62,Brazil
e416,Rustin,Buddock,Male,24,Bulgaria
e417,Launce,Collick,Male,19,Venezuela
e418,Nester,Hullyer,Male,27,El_Salvador
e419,Abeu,Alliker,Male,47,Indonesia
e420,Darnall,Ianiello,Male,40,Poland
e421,Alon,Eager,Male,28,Russia
e422,Husein,Crabb,Male,49,Indonesia
e423,Craig,Biggans,Male,69,Ireland
e424,Gram,Ormes,Male,18,China
e425,Coop,Forster,Male,69,Pakistan
e426,Johannes,Shutt,Male,44,Philippines
e427,Hillyer,Cranmer,Male,30,Philippines
e428,Rey,Scotchmur,Male,56,Brazil
e429,Hadlee,Ducroe,Male,42,China
e430,Joshia,Crasford,Male,47,Finland
e431,Shamus,Santore,Male,52,United_Kingdom
e432,Burk,Allabarton,Male,62,Egypt
e433,Corbie,Perigeaux,Male,65,China
e434,Warner,Foye,Male,26,France
e435,Donall,Cow,Male,22,Czech_Republic
e436,Berkley,Mara,Male,38,Indonesia
e437,Arnuad,Pickup,Male,57,Armenia
e438,Connie,Thing,Male,34,United_States
e439,Graehme,Flucker,Male,34,Russia
e440,Sheffield,Faichney,Male,43,Czech_Republic
e441,Rowan,Wohler,Male,18,Nigeria
e442,Stacy,Odney,Male,37,China
e443,Whitaker,Clute,Male,51,China
e444,Eddy,Szreter,Male,62,Russia
e445,Lorne,Tetford,Male,41,China
e446,Carroll,Tethacot,Male,31,Indonesia
e447,Freeland,Pawle,Male,65,Sweden
e448,Brent,Ivory,Male,65,Czech_Republic
e449,Padraic,Flack,Male,52,Czech_Republic
e450,Ramsey,Dugdale,Male,27,Japan
e451,Cully,Pedrol,Male,67,China
e452,Brander,Gloy,Male,43,Indonesia
e453,Salmon,Brolechan,Male,18,China
e454,Oates,Louth,Male,26,Burkina_Faso
e455,Hurleigh,Dee,Male,45,Portugal
e456,Corrie,Bellenie,Male,59,Indonesia
e457,Bret,Mordacai,Male,41,China
e458,Anton,Maryska,Male,58,Indonesia
e459,Carce,Denniston,Male,48,Venezuela
e460,Jeffie,Grason,Male,51,Portugal
e461,Vaughn,Di Giacomo,Male,68,Indonesia
e462,Judd,Pettigree,Male,42,Argentina
e463,Claybourne,Mushart,Male,19,Indonesia
e464,Rodger,Davson,Male,34,Brazil
e465,Hillie,Nellen,Male,31,Indonesia
e466,Aube,Waker,Male,18,Sweden
e467,Bud,Harflete,Male,53,Indonesia
e468,Milo,Mackiewicz,Male,38,China
e469,Donall,Kinder,Male,51,Peru
e470,Ricki,Pawnsford,Male,27,Colombia
e471,Prentice,Rintoul,Male,20,Sweden
e472,Mort,Juett,Male,18,China
e473,Vinson,Hedgeley,Male,47,United_States
e474,Carlyle,Burkett,Male,28,Philippines
e475,Parrnell,Tankus,Male,69,Iran
e476,Morton,Greenlees,Male,26,Poland
e477,Hamil,Sliney,Male,44,China
e478,Bent,Bracci,Male,20,Poland
e479,Jarvis,Krier,Male,48,China
e480,Vance,Britcher,Male,26,Italy
e481,Red,Weber,Male,69,Serbia
e482,Roscoe,Fawdrie,Male,41,Brazil
e483,Carleton,Dawley,Male,19,Philippines
e484,Jeremie,Ambrosetti,Male,28,Malaysia
e485,Basilio,Astupenas,Male,52,China
e486,Greg,Dounbare,Male,20,Indonesia
e487,Craig,Carlon,Male,21,United_States
e488,Tomlin,Piborn,Male,43,Ghana
e489,Herrick,Blamphin,Male,65,Argentina
e490,Gaylord,Wandrich,Male,53,Philippines
e491,Randie,Keary,Male,34,Palestinian_Territory
e492,Urson,Goulston,Male,46,Indonesia
e493,Fair,Mullineux,Male,25,Indonesia
e494,Farr,McCullagh,Male,48,Philippines
e495,Haleigh,Hawthorne,Male,67,Mexico
e496,Wyndham,Maraga,Male,27,Russia
e497,Iver,Mowsley,Male,30,China
e498,Chrissy,Brayne,Male,36,Sweden
e499,Leigh,Eede,Male,25,China
e500,Herc,Macbane,Male,69,Russia
