id_employe,first_name,last_name,gender,age,pays
e1,Patty,Hannigan,Female,69,Sweden
e2,Daryl,Fourmy,Male,66,Trinidad and Tobago
e3,Katheryn,Golborne,Female,26,China
e4,Tillie,Apedaile,Female,19,Venezuela
e5,Westbrook,Crighton,Male,38,China
e6,Ephrem,Moorwood,Male,46,French Guiana
e7,Chet,Linskey,Male,41,China
e8,Stanleigh,Tourry,Male,46,Russia
e9,Fabio,Goodship,Male,70,Brazil
e10,Mellie,Purviss,Female,46,Russia
e11,Elden,Pugsley,Male,62,Ireland
e12,Melanie,Secrett,Female,33,United States
e13,Renell,Millott,Female,24,Sweden
e14,Lavinie,Harmson,Female,24,Indonesia
e15,Ainsley,Larkins,Female,49,Mozambique
e16,Terence,Blezard,Male,18,China
e17,Rab,Baldcock,Male,24,China
e18,Lucretia,Belward,Female,50,Russia
e19,Hewet,Kinkead,Male,40,Philippines
e20,Augustine,Fishley,Male,44,Indonesia
e21,Hadrian,Tointon,Male,47,China
e22,Nicoli,Bransden,Female,49,Indonesia
e23,Thornie,Trematick,Male,48,China
e24,Ermengarde,Morteo,Female,63,Colombia
e25,Wolf,Dumbrell,Male,29,China
e26,Jeffie,Blackham,Male,20,China
e27,Juliette,Ivery,Female,44,Malaysia
e28,Web,Winchurch,Male,68,China
e29,Catina,Suston,Female,47,Argentina
e30,Chaim,Catford,Male,28,Peru
e31,Carlee,Pendock,Female,41,Colombia
e32,Wade,Beekmann,Male,56,Indonesia
e33,Cointon,Gohier,Male,44,Comoros
e34,Vick,Kieran,Male,60,Mexico
e35,Monte,Moyne,Male,45,Greece
e36,Ilaire,Miliffe,Male,22,Jamaica
e37,Alwyn,Flaverty,Male,21,Poland
e38,Broderic,Kerrod,Male,25,Colombia
e39,Damon,Winslow,Male,59,Dominican Republic
e40,Aida,Willavoys,Female,65,Brazil
e41,Florette,Varian,Female,45,Poland
e42,Vernon,Jentet,Male,64,China
e43,Eunice,Arpin,Female,58,Philippines
e44,Lee,Wallen,Male,59,Libya
e45,Wynne,Siveter,Female,42,Russia
e46,Orland,Hurlestone,Male,69,Marshall Islands
e47,Brig,Oats,Male,31,Nicaragua
e48,Tova,Simonsen,Female,44,United Kingdom
e49,Kira,Hauch,Female,42,Kazakhstan
e50,Carilyn,Meaton,Female,62,Sweden
e51,Sabrina,Babar,Female,28,Thailand
e52,Fernando,Wynes,Male,45,Armenia
e53,Stanislas,Lindwasser,Male,56,Bolivia
e54,Sayres,Labat,Male,41,China
e55,Winnie,Littrik,Male,56,Japan
e56,Hal,Aldren,Male,27,Czech Republic
e57,Felicle,McCooke,Female,43,China
e58,Garwin,Caville,Male,53,China
e59,Etan,Milner,Male,61,Poland
e60,Alice,Mulholland,Female,36,Somalia
e61,Emelen,Chatters,Male,31,Canada
e62,Elenore,Meaddowcroft,Female,70,China
e63,Elene,Beckworth,Female,36,Thailand
e64,Jacqui,Rizzardini,Female,26,Sweden
e65,Doralia,Kinane,Female,68,Ivory Coast
e66,Erasmus,Redwin,Male,32,Argentina
e67,Yank,Dalgarnocht,Male,53,China
e68,Wini,Bapty,Female,24,Indonesia
e69,Addie,Lecointe,Female,34,Peru
e70,Gael,Simonou,Male,51,Philippines
e71,Eben,Hubert,Male,38,Malaysia
e72,Winny,Bickley,Female,60,China
e73,Mitzi,Whymark,Female,68,Philippines
e74,Bridie,Ilyunin,Female,53,China
e75,Benetta,Style,Female,61,China
e76,Wang,Gatherell,Male,28,Portugal
e77,Wain,Tomaszynski,Male,29,South Africa
e78,Ced,Boath,Male,46,China
e79,Walton,Heenan,Male,42,China
e80,Maxie,Atton,Female,47,Malaysia
e81,Gillan,Josiah,Female,69,Japan
e82,Tyne,Bullier,Female,55,Israel
e83,Linea,Zamora,Female,29,Brazil
e84,D'arcy,Van Ross,Male,30,Indonesia
e85,Shoshana,Cantrell,Female,68,Ukraine
e86,Christiano,Nasi,Male,39,Ivory Coast
e87,Aldin,Brabham,Male,36,Bosnia and Herzegovina
e88,Ree,Codron,Female,22,Czech Republic
e89,Kaycee,Mancer,Female,20,Indonesia
e90,Arnold,Crawforth,Male,22,China
e91,Tanny,Klulisek,Male,31,Vietnam
e92,Carry,Minget,Female,67,United States
e93,Dionisio,Yurlov,Male,69,Ukraine
e94,Amalle,Bravey,Female,30,China
e95,Stillman,Gellert,Male,64,Russia
e96,Kippie,Growy,Female,49,Portugal
e97,Saudra,Meletti,Female,67,Greece
e98,Gerald,Laguerre,Male,49,Sweden
e99,Ailsun,Streather,Female,53,China
e100,Brigitte,Strete,Female,36,China
e101,Carena,Corah,Female,33,Greece
e102,Koralle,Phethean,Female,51,United Arab Emirates
e103,Gladi,Meeking,Female,55,China
e104,Cecily,Botten,Female,38,Philippines
e105,Josephina,Balasin,Female,54,United States
e106,Darda,Navan,Female,23,Russia
e107,Maximilien,Clows,Male,65,Palestinian Territory
e108,Rriocard,Gladhill,Male,27,Russia
e109,Jen,Dumelow,Female,42,Malaysia
e110,Angelo,Dubique,Male,50,Brazil
e111,Nolie,Gorton,Female,20,Argentina
e112,Jabez,Killbey,Male,57,Russia
e113,Catherine,Carding,Female,59,France
e114,Cyril,Harridge,Male,37,Philippines
e115,Derek,Olczyk,Male,66,China
e116,Valene,Deere,Female,41,Philippines
e117,Arvy,Buchan,Male,53,Norway
e118,Teodorico,Geraudy,Male,41,Colombia
e119,Ashbey,Braker,Male,46,Japan
e120,Camel,Hughes,Female,35,Brazil
e121,Torrence,Henric,Male,62,Philippines
e122,Jillana,Ollerhad,Female,51,Indonesia
e123,Bunni,Axston,Female,35,United States
e124,Carolus,Hugland,Male,36,Thailand
e125,Lucian,Barnwille,Male,65,France
e126,Brantley,Feitosa,Male,69,Equatorial Guinea
e127,Derry,Suggey,Male,63,Poland
e128,Rivi,Conaboy,Female,27,Philippines
e129,Margaux,Prinne,Female,51,United States
e130,Jarid,McAlpine,Male,48,Indonesia
e131,Sollie,Merriott,Male,29,China
e132,Georgi,Pinyon,Male,54,Sweden
e133,Kirstyn,Corkhill,Female,68,Sweden
e134,Gray,Seiller,Male,60,China
e135,Abram,Sutton,Male,45,Greece
e136,Anatollo,Dudliston,Male,56,Philippines
e137,Sheilakathryn,Juares,Female,21,Syria
e138,Bryana,Rattenbury,Female,41,Czech Republic
e139,Urbain,Craggs,Male,31,France
e140,Angie,Adamowitz,Male,44,Portugal
e141,Carce,Consadine,Male,29,United States
e142,Kylie,Hirschmann,Female,61,China
e143,Hoyt,Sexcey,Male,33,Indonesia
e144,Doloritas,Cancellor,Female,31,Sweden
e145,Nicol,Albury,Female,68,Indonesia
e146,Kinna,Mille,Female,24,Colombia
e147,Lance,Elie,Male,28,Honduras
e148,Guido,Berthelet,Male,37,Sweden
e149,Brit,Charlo,Male,62,Brazil
e150,Biddie,Jacob,Female,60,China
e151,Ellen,Stephenson,Female,22,Indonesia
e152,Vinnie,Martyns,Male,18,Russia
e153,Harper,Oakes,Male,25,Indonesia
e154,Noni,Lamputt,Female,32,Latvia
e155,Brennan,Wilcot,Male,21,Indonesia
e156,Karin,Gillebert,Female,32,Ukraine
e157,Hayden,Heeran,Male,19,China
e158,Rosanna,Emmison,Female,66,El Salvador
e159,Cinnamon,Merkle,Female,47,Russia
e160,Engracia,Kindread,Female,42,Czech Republic
e161,Crystie,Norwood,Female,52,Philippines
e162,Hewet,Zorn,Male,62,Colombia
e163,Norrie,Keys,Female,38,China
e164,Billye,Franzewitch,Female,68,Madagascar
e165,Moise,Arlet,Male,70,Indonesia
e166,Antone,Yesson,Male,61,Poland
e167,Cy,Rate,Male,37,Ukraine
e168,Edgard,McCorley,Male,51,Belarus
e169,Llewellyn,Clutterbuck,Male,32,Mexico
e170,Alwyn,Brandle,Male,62,Venezuela
e171,Shurlocke,Tettley,Male,46,China
e172,Nobie,Simoes,Male,61,Indonesia
e173,Tiffany,Prendergrass,Female,26,China
e174,Christoper,Challen,Male,19,Iraq
e175,Moyra,Harkus,Female,26,Philippines
e176,Hartwell,Haughin,Male,70,China
e177,Hervey,Keays,Male,19,Bulgaria
e178,Jayme,Delph,Male,69,Russia
e179,Darn,Cowper,Male,34,Cyprus
e180,Jayson,Ovitz,Male,30,Albania
e181,Chandler,Linscott,Male,33,Kazakhstan
e182,Anetta,Gutman,Female,36,Paraguay
e183,Isaak,Mathen,Male,32,China
e184,Glenna,De Carolis,Female,54,Yemen
e185,Rochell,Earley,Female,52,Sweden
e186,Whitman,McLaughlan,Male,39,Argentina
e187,Hollyanne,Bute,Female,60,Russia
e188,Karrah,Curm,Female,45,Indonesia
e189,Dicky,Gregson,Male,44,Thailand
e190,Arlen,Latour,Female,42,Greece
e191,Dorene,Vasyushkhin,Female,44,Japan
e192,Camilla,Castro,Female,59,Philippines
e193,Cairistiona,Gait,Female,50,China
e194,Claudelle,Robberecht,Female,51,China
e195,Desiree,Matthesius,Female,64,Portugal
e196,Samantha,Girth,Female,27,Colombia
e197,Lonny,Brecher,Male,26,France
e198,Tabbie,McGrudder,Male,69,Czech Republic
e199,Boonie,Causier,Male,67,Japan
e200,Kimberli,Denziloe,Female,54,China
e201,Adina,Shewan,Female,49,Poland
e202,Rube,MacGiany,Male,34,Indonesia
e203,Alphonse,Stickel,Male,60,China
e204,Ingunna,Duckels,Female,22,China
e205,Jard,Sapshed,Male,25,Indonesia
e206,Nappie,Flack,Male,68,China
e207,Herculie,Abramamovh,Male,57,Indonesia
e208,Amory,Beagley,Male,34,Thailand
e209,Aldwin,Woollett,Male,21,China
e210,Saba,Witling,Female,24,Estonia
e211,Marie,Sculpher,Female,69,Indonesia
e212,Paul,Volonte,Male,52,Indonesia
e213,Cassandra,Hauxley,Female,69,Brazil
e214,Auguste,Jorio,Female,61,Sweden
e215,Liesa,Hordell,Female,49,France
e216,Jordan,Castellucci,Female,45,Russia
e217,Raffaello,Cannavan,Male,52,Portugal
e218,Ransell,Beauly,Male,68,South Korea
e219,Lorrin,Breede,Female,45,Philippines
e220,Smith,Richmond,Male,50,Samoa
e221,Meier,Vernham,Male,68,Indonesia
e222,Cati,Fisbburne,Female,19,Ukraine
e223,Bary,Cummine,Male,28,China
e224,Correy,Portch,Female,34,United States
e225,Shane,Denness,Female,31,China
e226,Ronald,Dickens,Male,32,Czech Republic
e227,Betteann,Edgett,Female,69,Bangladesh
e228,Shurwood,McAlpin,Male,66,Japan
e229,Lyn,Bridges,Female,35,China
e230,Timotheus,Durnall,Male,30,Indonesia
e231,Yale,Carous,Male,18,Portugal
e232,Wanda,Peer,Female,25,Panama
e233,Emmalynne,Kaiser,Female,68,Benin
e234,Marta,Geistbeck,Female,50,China
e235,Bil,Lockett,Male,30,Indonesia
e236,Halimeda,Ledekker,Female,25,Indonesia
e237,Dag,Trollope,Male,50,Indonesia
e238,Rebe,Crisell,Female,53,Ivory Coast
e239,Weider,Bloodworth,Male,31,Brazil
e240,Sharon,Kirley,Female,64,Finland
e241,Gerhardine,Pawellek,Female,58,Ethiopia
e242,Wyndham,Pybworth,Male,27,Malaysia
e243,Daveta,Keeting,Female,55,Indonesia
e244,Amandie,Le Sieur,Female,35,Tunisia
e245,Kendricks,Bawle,Male,56,Canada
e246,Denis,Wayper,Male,25,Albania
e247,Dave,Bedwell,Male,49,Russia
e248,Shae,Macenzy,Female,37,Serbia
e249,Jedd,Woolforde,Male,21,China
e250,Carlyn,Bold,Female,51,China
e251,Lewie,Dahlback,Male,25,China
e252,Rhoda,Clapson,Female,20,Japan
e253,Lennard,Rawood,Male,55,Indonesia
e254,Emelia,Wilfling,Female,49,China
e255,Yorgo,Blacker,Male,43,United States
e256,Mathilda,Raunds,Female,51,Niger
e257,Felicle,Primarolo,Female,40,Greece
e258,Claudina,Stormouth,Female,25,Indonesia
e259,Roley,Polino,Male,49,Brazil
e260,Gannon,Heyns,Male,19,Greece
e261,Humfried,Kinnie,Male,29,France
e262,Alfred,Boobier,Male,46,China
e263,Nickolai,Leisman,Male,64,Botswana
e264,Stanley,Lung,Male,68,France
e265,Braden,Noorwood,Male,55,South Africa
e266,Brady,McElhargy,Male,58,Portugal
e267,Janina,Nashe,Female,43,China
e268,Allis,Lodin,Female,34,Russia
e269,Mia,Nasi,Female,53,China
e270,Jacki,Joblin,Female,59,Slovenia
e271,Kahaleel,Yule,Male,53,United States
e272,Valaree,Chatres,Female,36,Portugal
e273,Noelyn,Cicculi,Female,43,Canada
e274,Cornela,Cuppleditch,Female,62,China
e275,Chance,Eales,Male,24,China
e276,Tanhya,Foulser,Female,52,Indonesia
e277,Cecil,Surguine,Male,64,Israel
e278,Jobi,McKinnon,Female,25,Venezuela
e279,Kelley,Hobben,Male,27,Poland
e280,Any,Paradise,Male,67,Philippines
e281,Mab,Colebrook,Female,34,China
e282,Emmalynne,Cheesley,Female,66,Russia
e283,Kenon,Calder,Male,46,Greece
e284,Lucia,Nyssen,Female,65,China
e285,Wally,Moatt,Female,56,Czech Republic
e286,Lanae,Otto,Female,68,Indonesia
e287,Felipe,Holme,Male,69,Germany
e288,Kylila,Hollerin,Female,54,Zambia
e289,Jocelyn,Camois,Female,31,Russia
e290,Mariellen,Humphrys,Female,46,Colombia
e291,Peta,Litchfield,Female,20,China
e292,Fayth,Hughs,Female,68,China
e293,Keen,Macallam,Male,37,Syria
e294,Madella,Hunston,Female,50,South Africa
e295,Dominica,Justice,Female,65,Russia
e296,Prince,Langthorn,Male,22,Nigeria
e297,Dill,Krook,Male,65,United States
e298,Jeannie,Opdenorth,Female,37,Argentina
e299,Stinky,Filon,Male,57,Philippines
e300,Leonie,Reeves,Female,55,Peru
e301,Kareem,Royson,Male,49,New Caledonia
e302,Rubia,Waumsley,Female,41,Poland
e303,Maurene,McCritchie,Female,40,Nigeria
e304,Nerty,Jelfs,Female,35,China
e305,Osbourne,Piggens,Male,56,France
e306,Barbe,Delahunt,Female,61,Finland
e307,Araldo,Dinning,Male,52,Japan
e308,Art,Killough,Male,37,Argentina
e309,Hendrick,Gimblett,Male,70,China
e310,Zane,Cahani,Male,47,Indonesia
e311,Kerry,Downer,Female,48,China
e312,Sarette,Farquar,Female,19,Canada
e313,Gusti,Roblou,Female,38,Grenada
e314,Emmalynne,Theobalds,Female,37,China
e315,Denys,Lanfer,Male,42,China
e316,Eugenie,Trulock,Female,23,Indonesia
e317,Lillis,Glendinning,Female,59,Burkina Faso
e318,Genovera,Roslen,Female,43,China
e319,Judie,Sibbit,Female,55,Canada
e320,Patti,Preddle,Female,47,Myanmar
e321,Davina,Cartmail,Female,63,China
e322,Clarke,Putman,Male,61,Indonesia
e323,Claudelle,Fiddian,Female,50,Indonesia
e324,Monti,Flaxon,Male,28,Russia
e325,Neils,Ivashkov,Male,57,Indonesia
e326,Claudina,Spens,Female,20,China
e327,Gardy,Grinyer,Male,59,Vietnam
e328,Edy,Hitzmann,Female,31,Sweden
e329,Waylan,Schwandt,Male,35,Portugal
e330,Rhodie,Figura,Female,67,China
e331,Durward,Soanes,Male,60,Brazil
e332,Krissy,Rioch,Female,65,China
e333,Binky,Reany,Male,32,Colombia
e334,Lorens,Rodnight,Male,65,China
e335,Jefferson,Pastor,Male,41,Albania
e336,Kev,Reach,Male,62,Brazil
e337,Shina,Surguine,Female,54,Russia
e338,Rustin,Buddock,Male,24,Bulgaria
e339,Shawnee,Sandilands,Female,32,Albania
e340,Launce,Collick,Male,19,Venezuela
e341,Charmion,Blazey,Female,19,Greece
e342,Patrizia,Insall,Female,29,Indonesia
e343,Nester,Hullyer,Male,27,El Salvador
e344,Abeu,Alliker,Male,47,Indonesia
e345,Darnall,Ianiello,Male,40,Poland
e346,Ariella,Leacy,Female,67,Indonesia
e347,Estell,Dyble,Female,53,Philippines
e348,Cate,Truckett,Female,36,Indonesia
e349,Salaidh,Burnside,Female,38,Russia
e350,Rubetta,Glanester,Female,32,France
e351,Donia,Rawcliff,Female,42,China
e352,Alon,Eager,Male,28,Russia
e353,Husein,Crabb,Male,49,Indonesia
e354,Tracie,Arni,Female,21,Iran
e355,Jerrie,Huett,Female,42,Panama
e356,Perla,Moline,Female,70,Russia
e357,Tisha,Hathway,Female,32,Russia
e358,Lanny,Bounde,Female,18,Indonesia
e359,Tamar,Lincoln,Female,30,Netherlands
e360,Craig,Biggans,Male,69,Ireland
e361,Gram,Ormes,Male,18,China
e362,Annnora,Ferrara,Female,43,Brazil
e363,Jori,Shelp,Female,49,China
e364,Cinderella,Alenikov,Female,68,Tajikistan
e365,Bab,Cracie,Female,48,Brazil
e366,Coop,Forster,Male,69,Pakistan
e367,Johannes,Shutt,Male,44,Philippines
e368,Hillyer,Cranmer,Male,30,Philippines
e369,Rey,Scotchmur,Male,56,Brazil
e370,Micheline,Ribchester,Female,23,China
e371,Hadlee,Ducroe,Male,42,China
e372,Joshia,Crasford,Male,47,Finland
e373,Shamus,Santore,Male,52,United Kingdom
e374,Burk,Allabarton,Male,62,Egypt
e375,Corbie,Perigeaux,Male,65,China
e376,Roseline,Ellinor,Female,25,China
e377,Warner,Foye,Male,26,France
e378,Patrice,Wendover,Female,32,Philippines
e379,Donall,Cow,Male,22,Czech Republic
e380,Berkley,Mara,Male,38,Indonesia
e381,Mae,Thornthwaite,Female,28,Croatia
e382,Pooh,Turtle,Female,38,Czech Republic
e383,Arnuad,Pickup,Male,57,Armenia
e384,Gabriela,Vickar,Female,33,China
e385,Anabelle,Salla,Female,25,Mongolia
e386,Cecilia,Beckerleg,Female,49,Tajikistan
e387,Connie,Thing,Male,34,United States
e388,Janaye,Banton,Female,20,China
e389,Graehme,Flucker,Male,34,Russia
e390,Sheffield,Faichney,Male,43,Czech Republic
e391,Torey,Heys,Female,37,Kenya
e392,Ellene,Ganning,Female,27,China
e393,Wally,Sexton,Female,66,Turkmenistan
e394,Lydie,Willison,Female,62,Greece
e395,Juliann,Hampshaw,Female,27,China
e396,Rowan,Wohler,Male,18,Nigeria
e397,Krissy,Beldom,Female,56,Indonesia
e398,Stacy,Odney,Male,37,China
e399,Willabella,Karpets,Female,41,Lithuania
e400,Franky,Mee,Female,53,China
e401,Whitaker,Clute,Male,51,China
e402,Eddy,Szreter,Male,62,Russia
e403,Lorne,Tetford,Male,41,China
e404,Carroll,Tethacot,Male,31,Indonesia
e405,Dee dee,Freen,Female,54,Indonesia
e406,Freeland,Pawle,Male,65,Sweden
e407,Brent,Ivory,Male,65,Czech Republic
e408,Padraic,Flack,Male,52,Czech Republic
e409,Shirl,Legon,Female,62,Philippines
e410,Ramsey,Dugdale,Male,27,Japan
e411,Natasha,Bracegirdle,Female,25,Colombia
e412,Cully,Pedrol,Male,67,China
e413,Roz,Rudwell,Female,43,Afghanistan
e414,Issi,Woolhouse,Female,24,Indonesia
e415,Brander,Gloy,Male,43,Indonesia
e416,Hinda,Ewing,Female,22,Armenia
e417,Isadora,Ogilvy,Female,59,Colombia
e418,Salmon,Brolechan,Male,18,China
e419,Oates,Louth,Male,26,Burkina Faso
e420,Hurleigh,Dee,Male,45,Portugal
e421,Corrie,Bellenie,Male,59,Indonesia
e422,Leila,Stihl,Female,31,Portugal
e423,Bret,Mordacai,Male,41,China
e424,Anton,Maryska,Male,58,Indonesia
e425,Viviana,Abdon,Female,29,Poland
e426,Elana,Belz,Female,29,Peru
e427,Nana,Jeenes,Female,51,Namibia
e428,Carce,Denniston,Male,48,Venezuela
e429,Kaylee,Goundry,Female,53,China
e430,Jeffie,Grason,Male,51,Portugal
e431,Vaughn,Di Giacomo,Male,68,Indonesia
e432,Judd,Pettigree,Male,42,Argentina
e433,Leigh,Busse,Female,62,Czech Republic
e434,Binnie,Idney,Female,22,Brazil
e435,Claybourne,Mushart,Male,19,Indonesia
e436,Rodger,Davson,Male,34,Brazil
e437,Hillie,Nellen,Male,31,Indonesia
e438,Aube,Waker,Male,18,Sweden
e439,Bud,Harflete,Male,53,Indonesia
e440,Riki,Bouch,Female,61,Greece
e441,Karla,Larmet,Female,30,Kazakhstan
e442,Milo,Mackiewicz,Male,38,China
e443,Minerva,Cawsey,Female,51,Japan
e444,Donall,Kinder,Male,51,Peru
e445,Christiana,Tye,Female,66,Madagascar
e446,Ricki,Pawnsford,Male,27,Colombia
e447,Allsun,Huguet,Female,28,China
e448,Prentice,Rintoul,Male,20,Sweden
e449,Charmion,Archibold,Female,32,Indonesia
e450,Constancy,Camsey,Female,69,Russia
e451,Mort,Juett,Male,18,China
e452,Engracia,Hinrichs,Female,18,Macedonia
e453,Jamie,Willard,Female,69,Portugal
e454,Vinson,Hedgeley,Male,47,United States
e455,Coleen,Stranieri,Female,28,China
e456,Adeline,Phillis,Female,31,Brazil
e457,Carlyle,Burkett,Male,28,Philippines
e458,Parrnell,Tankus,Male,69,Iran
e459,Paulette,Moreno,Female,34,Greece
e460,Morton,Greenlees,Male,26,Poland
e461,Halimeda,Giocannoni,Female,24,Philippines
e462,Jacquelyn,Cawsey,Female,53,Indonesia
e463,Emmalynn,Chandlar,Female,57,China
e464,Hamil,Sliney,Male,44,China
e465,Bent,Bracci,Male,20,Poland
e466,Jarvis,Krier,Male,48,China
e467,Alisha,Luxmoore,Female,52,China
e468,Annie,MacKibbon,Female,58,Indonesia
e469,Rina,Tippings,Female,37,Sweden
e470,Vance,Britcher,Male,26,Italy
e471,Red,Weber,Male,69,Serbia
e472,Roscoe,Fawdrie,Male,41,Brazil
e473,Susanna,Siemandl,Female,44,South Africa
e474,Janie,Sullens,Female,21,Indonesia
e475,Carleton,Dawley,Male,19,Philippines
e476,Jeremie,Ambrosetti,Male,28,Malaysia
e477,Basilio,Astupenas,Male,52,China
e478,Greg,Dounbare,Male,20,Indonesia
e479,Craig,Carlon,Male,21,United States
e480,Lurline,Creggan,Female,66,Thailand
e481,Tomlin,Piborn,Male,43,Ghana
e482,Herrick,Blamphin,Male,65,Argentina
e483,Constancy,Tschirasche,Female,48,Thailand
e484,Gaylord,Wandrich,Male,53,Philippines
e485,Randie,Keary,Male,34,Palestinian Territory
e486,Noemi,Eakens,Female,20,Ukraine
e487,Urson,Goulston,Male,46,Indonesia
e488,Fair,Mullineux,Male,25,Indonesia
e489,Farr,McCullagh,Male,48,Philippines
e490,Haleigh,Hawthorne,Male,67,Mexico
e491,Brigit,Goodbar,Female,52,Haiti
e492,Dorree,Maudson,Female,53,Indonesia
e493,Wyndham,Maraga,Male,27,Russia
e494,Iver,Mowsley,Male,30,China
e495,Blondy,Dawtrey,Female,64,United States
e496,Chrissy,Brayne,Male,36,Sweden
e497,Leigh,Eede,Male,25,China
e498,Herc,Macbane,Male,69,Russia
e499,Marybelle,Heibl,Female,70,Russia
e500,Stormi,Lilburn,Female,60,Canada
